{
  "model_name": "LogisticRegression",
  "cv_f1_mean": 0.7705097148298973,
  "cv_f1_std": 0.0228506594021855,
  "accuracy": 0.8587570621468926,
  "precision": 0.7523809523809524,
  "recall": 0.8345070422535211,
  "f1_score": 0.7913188647746243,
  "roc_auc": 0.9141630146938201,
  "false_negative": 47,
  "false_positive": 78,
  "false_negative_rate": 0.16549295774647887
}