model_name,cv_f1_mean,cv_f1_std,accuracy,precision,recall,f1_score,roc_auc,false_negative,false_positive,false_negative_rate
LogisticRegression,0.7705097148298973,0.0228506594021855,0.8587570621468926,0.7523809523809524,0.8345070422535211,0.7913188647746243,0.9141630146938201,47,78,0.16549295774647887
RandomForest,0.7634442603739476,0.013315651241166754,0.8621468926553673,0.7736486486486487,0.8063380281690141,0.7896551724137931,0.9184428534601954,55,67,0.1936619718309859
SVM,0.7723294925479364,0.021972598895616233,0.8598870056497175,0.7816901408450704,0.7816901408450704,0.7816901408450704,0.9087905134634764,62,62,0.21830985915492956
XGBoost,0.7554279494177909,0.009757553801303566,0.8632768361581921,0.8146718146718147,0.7429577464788732,0.7771639042357275,0.9104251130744534,73,48,0.25704225352112675
